MonetaryValue,Frequency,Recently,Frequency_Cluster_Category,customer_id,Recency_Cluster_Category,Monetary_Cluster_Category,churn_customer_category
1.1722155936618188,9.218638331999001,0.20252349445079282,3,00426311a53f3c052943c88b692a3be2,1,1,MS
3.7514482044000794,3.525585713100544,0.7883077545207309,1,009ac0aeacb7e5c368452976385b7903,1,0,HS
1.9264157517890343,3.525585713100544,0.3341604068260598,1,00b5072ef1192bc4d02e1d6264317bb0,1,1,MS
4.380070493632771,3.525585713100544,-0.021259256587161043,1,01095519ab759274152540845a1d2004,2,2,LS
0.19837632242920528,9.218638331999001,0.9462720493710512,3,01ff2b68ecb885ebd063584cbde546e8,1,3,SHS
3.67717646871149,9.218638331999001,-0.5412250604694656,3,023fafd700dff9fcc64d28e2defe98b9,2,0,HS
-0.13364765388918956,3.525585713100544,-0.19238724267500812,1,02d16f10703b6d4ef180f921028032a5,2,3,SHS
1.1493314294858392,7.320954125699514,-0.22529647076882486,3,0355544e5f4818d9553faa520fedf38b,2,1,MS
0.4751036885145392,7.320954125699514,-0.5543887517069923,3,03e3a430d50d6e1123627d133c65d5c4,2,3,SHS
0.35449355632725865,3.525585713100544,-0.15947801458119137,1,041d75798215fd7ebffd6cf6b60bfac5,2,3,SHS
4.546856145705392,5.423269919400029,0.16961426635697607,1,0445283ab2d69419d518a3b1d82092c7,1,2,LS
1.376870058338818,11.116322538298485,0.41314255425122,3,046219c81738d6ee539ff6c04faa8575,1,1,MS
0.47770971432817383,3.525585713100544,0.9001991300397079,1,0503eb802fe69a16beabc757cdfa27a7,1,3,SHS
0.9550196297567031,3.525585713100544,-0.5412250604694656,1,05bb7b8653c0cc496b7d2db94a36b116,2,1,MS
3.7402911563854553,5.423269919400029,0.5776886947203037,1,06323ee39c5605bd9e243f9aacdcbae7,1,0,HS
2.131477407999413,7.320954125699514,-0.10024140401232123,3,06757e2a216429d601d7cda36642769d,2,0,HS
4.5628180538139045,9.218638331999001,0.7619803720456775,3,06c2c1e92714f3fe285f962909a59c15,1,2,LS
-0.25238470502292004,5.423269919400029,0.7685622176644409,1,06ec7aed3161859018db02f695b6600d,1,3,SHS
-0.15465873701161925,5.423269919400029,0.22226903130708286,1,076a27d502aeeddb25e540fb3caf9b3e,1,3,SHS
0.0986958350576785,3.525585713100544,0.5184520841514336,1,07ae5e78d3f125fb413ccd2e37b7206c,1,3,SHS
0.5026298361710556,5.423269919400029,-0.4293336849504887,1,07e4bae9721bddba07155c1b1cb5abb0,2,3,SHS
1.5403981781443954,3.525585713100544,-0.5083158323756489,1,07e6bfcde64d35a92aeea73af4a36411,2,1,MS
0.10993432137897784,3.525585713100544,0.5381976210077236,1,0827b8ba0083ce864acc1e1de2428666,1,3,SHS
0.5844753343805202,3.525585713100544,0.2420145681633729,1,082f15c3971915712f89b49d4099326c,1,1,MS
1.0353992384459978,3.525585713100544,-0.4293336849504887,1,0883816eb4425537f417d5d63553ab8c,2,1,MS
0.6430294768806246,9.218638331999001,-0.40958814809419863,3,08a0a61f98f22952682f7e463ef2d43e,2,1,MS
0.8762687872009294,5.423269919400029,0.8870354388021812,1,09b186546a1f76b4b3cb9111dad590ca,1,1,MS
2.133187612439612,5.423269919400029,-0.6202072078946258,1,09cc193befa14d698869667e92148ab2,2,0,HS
1.3932391579807115,3.525585713100544,-0.38326076561914524,1,0a1086a4021cc95c10d53035aa0e012c,2,1,MS
-0.5001200339315679,3.525585713100544,-0.08049586715603119,1,0ac2d5fc64bc66aaeaa727022aeb73f3,2,3,SHS
-0.5734145099400436,3.525585713100544,0.7422348351893875,1,0af1c58b035366f36dfa7bdde00b27ca,1,3,SHS
-0.5905165543420212,3.525585713100544,0.998926814321158,1,0b2784a179b2e1327c5afd6df6a1b19a,1,3,SHS
-0.15759051605195817,3.525585713100544,-0.4754066042818321,1,0b31586b5082359faf1b2861230a17b7,2,3,SHS
1.0927318063459608,7.320954125699514,-0.5148976779944122,3,0b8eb01b2a378b535126bdf817eb1761,2,1,MS
2.1768385448179925,3.525585713100544,0.4789610104388535,1,0c4aa71dee29939b7e8c95cf38265ab8,1,0,HS
-0.30662261726919215,3.525585713100544,-0.39642445685667194,1,0c5e2526f505308526e91651e4ea4d5c,2,3,SHS
-0.2511631304227789,5.423269919400029,0.34074225244482315,1,0c8050459705eab48d6faf4b118109be,1,3,SHS
-0.09268418563111926,3.525585713100544,-0.6596982816072059,1,0d143037269090509ae15979eddd8997,2,3,SHS
1.4734558900566543,3.525585713100544,0.28808748749471635,1,0d34dca8c8a02afc52be8689c8774af6,1,1,MS
1.5198757248620218,7.320954125699514,-0.17922355143748142,3,0dc4b36ad91ad58ad99d1b882176c7d5,2,1,MS
0.7131478589287332,3.525585713100544,0.22226903130708286,1,0e369984255ebae345028d4858c3877c,1,1,MS
-0.16190674630579063,5.423269919400029,0.30125117873224305,1,0f0a3ac189b1fb3e434b25d812909652,1,3,SHS
-0.2994560462816967,7.320954125699514,0.7553985264269142,3,11342c1fb8b203ab328495db18dd8caf,1,3,SHS
0.25896642259621205,3.525585713100544,0.564525003482777,1,128ca1cce5c7b800188d3b91f8578b35,1,3,SHS
0.22891568743273683,3.525585713100544,-0.5872979798008091,1,12d1b4f01a98d5300ce2b471a0190721,2,3,SHS
0.06913372973426,3.525585713100544,0.32757856120729645,1,136650e7d6ed0da6d222b83fb59144ad,1,3,SHS
-0.011245878955035043,3.525585713100544,0.14986872950068603,1,13de57df53d909438cd6aa93345ad87e,1,3,SHS
0.8458108605040744,3.525585713100544,0.6500889965267006,1,13f798d5b61ca9fbce91d7d2732080b1,1,1,MS
-0.6318057758267959,3.525585713100544,-0.5346432148507023,1,144f8ac4df50b7448ed453447b7d18d6,2,3,SHS
1.6717581668129189,5.423269919400029,-0.4030063024754353,1,14532b4dffa2bf13edc019346063c2fb,2,1,MS
1.3439689824416805,3.525585713100544,-0.014677410968397694,1,14b49d162cc1a8333aec3853db1812f5,2,1,MS
-0.22624300857989713,3.525585713100544,0.5776886947203037,1,14eef4c5daa9762a288b6c4b9372e3f0,1,3,SHS
0.37501600960963166,3.525585713100544,0.8409625194708377,1,14f41b6464ff102ab009a269052e7a11,1,3,SHS
1.2808542947677153,5.423269919400029,0.5776886947203037,1,1626a557f9bd4edf99fa4af9e42cbae2,1,1,MS
-0.13804532244969817,3.525585713100544,-0.12656878648737463,1,16322e237a07158592862b5d6d91642d,2,3,SHS
-0.31435925640342005,5.423269919400029,-0.06733217591850449,1,165ec9f9d535ca2aba9173b87a4a596a,2,3,SHS
1.67257254987968,9.218638331999001,1.018672351177448,3,17494c3f34d7feb4f62b47e76ea1be94,1,1,MS
2.8649922362309033,5.423269919400029,-0.4556610674255421,1,1774fe5310b8a384e345be76ff71591a,2,0,HS
0.6313837990259445,3.525585713100544,0.1169595014068693,1,1792c3344cb8e193a50596b21a777a5d,1,1,MS
0.9716330443186242,3.525585713100544,0.2683419506384263,1,17a591e12299eb96e17f2986c3e2879c,1,1,MS
0.11433198993948654,3.525585713100544,1.0252541967962114,1,17d3670bca39b5c4cf9b10007975cbe3,1,3,SHS
4.711768716724462,11.116322538298485,-0.09365955839355788,3,17f9863585a471e9ffe77c4d4f26ecea,2,2,LS
0.27802298635841577,5.423269919400029,0.32757856120729645,1,181e2217f874cb5390be37f378db5e07,1,3,SHS
-0.11141499616661858,3.525585713100544,1.0515815792712648,1,191645119367588923a2fdb37a2b919e,1,3,SHS
0.262875461316664,3.525585713100544,0.998926814321158,1,196568a17e905501e428b29ca61042cf,1,3,SHS
0.5633828129514143,7.320954125699514,0.31441486996976975,3,196f617ec14599ab7ceb83a6117fd9e5,1,3,SHS
1.6255012086209035,5.423269919400029,-0.6860256640822593,1,1a01dcde907c2725b4170084bebc53e0,2,1,MS
0.8653560541063341,9.218638331999001,0.3736514805386399,3,1a109d4469445a83961ebca889bc418c,1,1,MS
1.1756360025422146,9.218638331999001,0.32757856120729645,3,1b2ab6eda1946a6ff386b1ae51431344,1,1,MS
0.034685326010276275,9.218638331999001,0.2551782594008996,3,1cad4a70058245488e56d4faa31717e3,1,3,SHS
0.19177981958844245,3.525585713100544,0.7356529895706241,1,1e434301a5cb198f25c4362829482d04,1,3,SHS
2.0339143166014653,3.525585713100544,0.9923449687023947,1,1ec77d6842fe27fbd38a9341f7e3a666,1,0,HS
0.05960544785315803,5.423269919400029,-0.4293336849504887,1,1f224b90a5ccd7ff2d61d7c34ac8508d,2,3,SHS
1.605060193645206,9.218638331999001,-0.4293336849504887,3,1fc148759f50ec10a03421aaf5efd89b,2,1,MS
0.3977372971722593,9.218638331999001,0.5316157753889603,3,20c6d809dfbc5aa2dec5652ee604a91f,1,3,SHS
2.666934274394667,13.014006744597971,-0.5938798254195724,3,20c93357daf05d1c3a092be59aea2c2b,2,0,HS
1.0156911682303855,5.423269919400029,-0.6860256640822593,1,210320fcc92cdf5c39245b92c8c42730,2,1,MS
0.9709000995585392,3.525585713100544,-0.21213277953129817,1,212bf860ff1728f44420899993139ef9,2,1,MS
5.779506355554601,3.525585713100544,-0.008095565349634343,1,21525a3321369961ad550114e0fe022d,2,2,LS
0.06693489545400565,3.525585713100544,-0.06075033029974114,1,2163cb3a76a24127b8958bbb14b31d38,2,3,SHS
0.10993432137897784,3.525585713100544,-0.021259256587161043,1,219b783acacc9b54bf6360dae4f1559b,2,3,SHS
3.9455971275158634,5.423269919400029,-0.6399527447509159,1,21de634855f444443723e6c8b224ae69,2,2,LS
1.3564290433631212,5.423269919400029,-0.21213277953129817,1,2228a3a881e33aa73e7958a61332cc35,2,1,MS
0.7115190927952113,9.218638331999001,0.5776886947203037,3,223f5e3208f2fa202a8ff706a4d9b206,1,1,MS
1.536244824503915,3.525585713100544,-0.6136253622758625,1,22c15b46adce8afdd7d58e6582752263,2,1,MS
1.194122498157686,3.525585713100544,0.22226903130708286,1,2306cc5d9784d518dce0f1d7649b1d61,1,1,MS
0.7038638919676592,3.525585713100544,0.18277795759450277,1,2341261ab32cd120f68a7d10d7b418b7,1,1,MS
-0.23699286506114017,3.525585713100544,-0.5807161341820457,1,236b6c73651af91335ddfd6d34f6422c,2,3,SHS
2.7793191376076627,7.320954125699514,-0.12656878648737463,3,23fcd188754d0d9eab9487ac6ccc99d9,2,0,HS
-0.3777182589974135,3.525585713100544,0.34074225244482315,1,2472db5dcd1737948d7c75037c8d9ebb,1,3,SHS
0.10675822741861066,3.525585713100544,-0.6596982816072059,1,259a82ce1a494066420e300430fb3e57,2,3,SHS
1.1516931403794457,3.525585713100544,0.3209967155885331,1,25a2fb1acc86dfbc6cd42510d83e651d,1,1,MS
1.166596350501169,3.525585713100544,-0.416169993712962,1,26188f96d7835fa7760ad5fc85f1fb5e,2,1,MS
0.3667093023286712,3.525585713100544,-0.6267890535133892,1,264f0c7b9b379cc7cef751679ba5fc37,2,3,SHS
0.7808230917765591,9.218638331999001,0.3209967155885331,3,266ef8e8154fa4da8479fcfc85ccad8f,1,1,MS
0.25733765646269025,3.525585713100544,1.0384178880337382,1,270c23a11d024a44c896d1894b261a83,1,3,SHS
-0.2555607989832873,3.525585713100544,0.8014714457582576,1,298e006b4f9a1e7215f43688774dab37,1,3,SHS
3.365349192448764,5.423269919400029,-0.547806906088229,1,2992f232ff17cb4cab17dc4cd2922251,2,0,HS
1.7466814089549167,5.423269919400029,-0.7320985834136028,1,29e8e233706ea0290479e011ab628bbc,2,1,MS
0.735380516651304,3.525585713100544,0.5842705403390671,1,29ec4290a002cc0a65ff669b7a61679f,1,1,MS
-0.5734145099400436,3.525585713100544,0.6303434596704105,1,2a099c0df6f9c343ce55e97e6aebf880,1,3,SHS
2.5720586471170286,7.320954125699514,-0.18580539705624477,3,2a765049d9cac17ae2fe993bf573016a,2,0,HS
-0.12314211232797467,5.423269919400029,0.5711068491015404,1,2b832cd4b84a4df8934118d2d0c3dabc,1,3,SHS
4.558909015093453,3.525585713100544,0.35390594368234984,1,2baf69aa9f7c51867a17a6bb88fb194e,1,2,LS
1.374508347445212,9.218638331999001,-0.3108604638127484,3,2c8f11d30a852df3dacc6f0ce6ed357c,2,1,MS
0.3527833518870608,3.525585713100544,0.4263062454887467,1,2d053f37c5e72b650907a2d5c82c2937,1,3,SHS
0.7132292972354092,3.525585713100544,0.2946693331134797,1,2d3a07b7b69973a8118724ddd6495600,1,1,MS
2.9233020638109797,5.423269919400029,-0.19238724267500812,1,2d910ad991e18b8a03bbcca79a35a3a8,2,0,HS
3.0519745883591924,3.525585713100544,-0.11340509524984793,1,2e64d9fef4e07d2526ad4c98534bff10,2,0,HS
-0.4290243922033466,5.423269919400029,-0.4556610674255421,1,2e875622b6aaeb04d2fda8393ca10738,2,3,SHS
-0.10644725945937734,7.320954125699514,0.3078330243510064,3,2ea5983ec2edde5dcba726ea64e9fadb,1,3,SHS
1.9799207192752215,9.218638331999001,0.4263062454887467,3,2ed8567c7952b9d78d2cda0a0679dd6f,1,0,HS
2.267235065228446,5.423269919400029,-0.06075033029974114,1,2f66dd76c152cd335432a4f0a672d536,2,0,HS
1.5132792220212594,11.116322538298485,-0.6333708991321525,3,2f6d72365267ce6048d9bbc1a9bd977e,2,1,MS
1.8582518891011515,3.525585713100544,0.26176010501966296,1,2fbffc4b0be525d79262bcd945b22f10,1,1,MS
2.796584058622992,5.423269919400029,-0.7320985834136028,1,3058335b24b7794dbd8f36de15afc57e,2,0,HS
-0.36322224040907053,5.423269919400029,0.7224892983330974,1,307085eda6b09cd096ee22c13a9f7ca4,1,3,SHS
-0.004893691034300474,5.423269919400029,-0.4819884499005955,1,30e44634f95a0c8423585cddd8d89c12,2,3,SHS
1.8291784136177893,3.525585713100544,0.3209967155885331,1,321cb859fffb6249ba9537e12dd348ed,1,1,MS
1.317257217851925,3.525585713100544,0.9528538949898147,1,323a3f2d3b2d3413da554ffd9e722d5d,1,1,MS
3.524642520307184,5.423269919400029,0.20910534006955617,1,32b52863b83b6444493084e1c20a985a,1,0,HS
0.027355878409428665,5.423269919400029,0.8541262107083644,1,332d12b9a5ece1b7e661271928d232ca,1,3,SHS
-0.3852920215182894,3.525585713100544,0.3473240980635865,1,333b7d62978a1cdcc338e2545aeea45f,1,3,SHS
0.6085810731566411,3.525585713100544,-0.4424973761880154,1,33f3a825848a91ffae2d8be709630522,2,1,MS
0.08648008905626588,3.525585713100544,0.1037958101693426,1,342edd62bf443f87606934280617cbc8,1,3,SHS
0.7201515533028763,7.320954125699514,-0.6860256640822593,3,35864582d9b9cab28936cdf255711c5a,2,1,MS
2.401038203097252,11.116322538298485,0.939690203752288,3,3588bfafc0f566f932f95f707e3a428a,1,0,HS
2.746336623403849,3.525585713100544,0.6171797684328838,1,36318088e4bc5369085a4550491f9d60,1,0,HS
3.413723546614358,7.320954125699514,-0.3503515375253285,3,373024739dee7c3429afb222a999bb55,2,0,HS
0.8694279694401386,3.525585713100544,0.005068125887892355,1,38938c4aa7efccf83e6679291c4d1004,2,1,MS
-0.006196703941118023,5.423269919400029,0.32757856120729645,1,38bb507d2633cb3070255ddf8b2daa5d,1,3,SHS
1.741225042407619,3.525585713100544,0.7159074527143341,1,39bbb4f1b13debf6e93d4a8dd51974aa,1,1,MS
3.1369961805290236,3.525585713100544,-0.2976967725752217,1,39d83180f85dee8f5a5ac4d58a8f4880,2,0,HS
1.3230393376259268,5.423269919400029,0.6435071509079372,1,3a5a9c83ac1027afafe0598a12c7d6d3,1,1,MS
-0.5038661960386679,3.525585713100544,0.30125117873224305,1,3bd30155866d17df9186fcce6db08abc,1,3,SHS
0.01856054128841171,3.525585713100544,-0.20555093391253482,1,3c7a441eca1f6d15ac2bb0dca7ff073f,2,3,SHS
-0.47568854192874266,3.525585713100544,-0.15289616896242803,1,3c8ffb7e2d47b7dbf27a3524e6331078,2,3,SHS
0.6237285981983927,3.525585713100544,1.0449997336525014,1,3cb7adc7e73bae83c6f907892e6b0784,1,1,MS
1.3320789896669722,3.525585713100544,-0.4293336849504887,1,3d5e96edb61b43fa3ffe0d7af362b43b,2,1,MS
1.4734558900566543,3.525585713100544,0.04455919960047245,1,3e39c97de34f634ccb1781e66e158beb,2,1,MS
0.19177981958844245,3.525585713100544,0.5711068491015404,1,40e2d0d7f6579118d9c02dcabf1fff65,1,3,SHS
0.746130373132547,3.525585713100544,-0.7057712009385494,1,40ee87d482e9533fdf81355945aee27e,2,1,MS
-0.32901815160511527,5.423269919400029,0.17619611197573942,1,4167431bb838ed4cf71b635e0f118b6d,1,3,SHS
0.1602631949047981,3.525585713100544,-0.014677410968397694,1,41e4fe9686d87bba2bed7f14f4cca0c7,2,3,SHS
5.716961736027368,3.525585713100544,0.35390594368234984,1,421d65b7d24e669c0d728b6ad9c0742c,1,2,LS
0.6778036338313124,7.320954125699514,0.32757856120729645,3,43cebded17ef78782f347b0bf5eaae5b,1,1,MS
0.9458171011023054,3.525585713100544,1.0976544986026082,1,4402a180e78ebeb26c7e430547a31226,1,1,MS
0.07182119385457064,3.525585713100544,0.9067809756584712,1,4487ca94364334677a4a0d66975cb980,1,3,SHS
0.9889794036406299,3.525585713100544,0.9725994318461046,1,44e3a4d56bff0ee1e71df577e741b7a7,1,1,MS
3.6099898657037204,3.525585713100544,-0.5280613692319389,1,44edfdeb25a4a533df2761f27356f204,2,0,HS
2.8913782475939542,5.423269919400029,-0.17264170581871807,1,457207ed970fb24526a47a9a9a271a46,2,0,HS
1.8256765664307177,7.320954125699514,0.14328688388192268,3,4619492b155e0aa14feba59ad43194b3,1,1,MS
0.8367712084630284,3.525585713100544,-0.699189355319786,1,467247d869b38526a64ed79e2b96211a,2,1,MS
-0.022240050356306468,3.525585713100544,0.32757856120729645,1,46b9f480dd3a334d6482b9663c46ba71,1,3,SHS
0.20945193213715282,5.423269919400029,0.4855428560576168,1,46da9ad64162a07e5830310786802dd1,1,3,SHS
4.6429533475831715,3.525585713100544,-0.6070435166570991,1,478d1ae10b5cfa37f148adccee44970a,2,2,LS
4.872120742569672,9.218638331999001,0.7422348351893875,3,48d6a6909a9bd0b2128ea79630e52d13,1,2,LS
1.0705805869300662,3.525585713100544,0.1037958101693426,1,49e9ce9506327183790c2ef50cb92f0b,1,1,MS
3.8694523107737244,13.014006744597971,0.3078330243510064,3,4a38bf3ad3990d95c2c132f5bf530b95,1,2,LS
0.48666792806254305,3.525585713100544,-0.4424973761880154,1,4a652b352b855e5e22de8d83490f14e7,2,3,SHS
-0.3295882197518478,3.525585713100544,0.32757856120729645,1,4aa0005ef4b8cb5ce874a4a86b36ed05,1,3,SHS
-0.14781791925082816,3.525585713100544,0.31441486996976975,1,4b1e20bda0003d900c4360a80836442a,1,3,SHS
3.402077868759678,3.525585713100544,0.8607080563271278,1,4b5024c158d2e12d3868baa977c6f181,1,0,HS
-0.08698350416379334,5.423269919400029,0.3341604068260598,1,4b5d6a7f0f2a3aa09b88aed9bbca201a,1,3,SHS
2.8184909631188586,5.423269919400029,-0.4622429130443054,1,4bba0610967c84ba4b4c40c7f0eb0373,2,0,HS
4.829609946484756,3.525585713100544,1.0384178880337382,1,4c1314fc282ec22da807d1a7a87f41d8,1,2,LS
0.10138329917798937,3.525585713100544,-0.679443818463496,1,4c9c41a8c1965305e2e1978666bd6d09,2,3,SHS
2.350627891264756,5.423269919400029,-0.21871462515006151,1,4d00eb0b76f14e173b2a5cff5c839198,2,0,HS
-0.5858745708614844,3.525585713100544,-0.4688247586630688,1,4d8c75952e09254a602a3a059d0ac367,2,3,SHS
1.1367084919510466,3.525585713100544,0.4723791648200901,1,4db243868d0af189d9944dcc0c9ea93f,1,1,MS
0.5102035986919314,5.423269919400029,0.4263062454887467,1,4e25d8a3eb725a54cb86bebd52968a98,1,3,SHS
0.1801341417337626,3.525585713100544,0.4987065472951435,1,4e2bf783a80c004ceb49a68cf872d1a7,1,3,SHS
-0.1556359966917323,3.525585713100544,-0.679443818463496,1,4e3b341939a50bd5d99a86546e81526c,2,3,SHS
0.21718857127138072,3.525585713100544,0.3078330243510064,1,4ead8c602805bd9623211328f97ca745,1,3,SHS
-0.3801614081976961,3.525585713100544,1.0252541967962114,1,4ef98c8bc97cc9b5c57e78e8f93197d3,1,3,SHS
3.1741320483733184,3.525585713100544,0.2551782594008996,1,4fd717f8365e738dcca2baa0ff70a52d,1,0,HS
0.10846843185880849,3.525585713100544,-0.3503515375253285,1,4fec1b7b504742ac7810b60fad1af235,2,3,SHS
-0.018249573329178273,5.423269919400029,-0.6070435166570991,1,500e9bef5740343df08a23b9a9e69e5b,2,3,SHS
1.1025858414537673,3.525585713100544,-0.3108604638127484,1,51715f7447120af4a92eaa0336ed0401,2,1,MS
0.46850718567377636,3.525585713100544,0.32757856120729645,1,52994c30c7cb9d776463cacaef4c028b,1,3,SHS
0.34292931677925453,3.525585713100544,-0.7320985834136028,1,53a1c334c7e3dbf57ca4354ba5e93310,2,3,SHS
2.0796012066467484,3.525585713100544,-0.4885702955193588,1,5439cd634b1b5e988138fc3f9a791e5a,2,0,HS
-0.25246614332959616,5.423269919400029,0.09721396455057925,1,55fc41c933a49c9b66194cc39a0e57a8,1,3,SHS
0.26678450003711596,5.423269919400029,-0.49515214113812217,1,565d4d13c6d336f46342a14f1ff9d122,2,3,SHS
2.3066512056596706,5.423269919400029,0.6105979228141205,1,56dfe923d7bf928d0e70a9f696e3fae7,1,0,HS
-0.1877226895221093,3.525585713100544,-0.4293336849504887,1,5701ea1fb1188efea6f8a6795f4a9428,2,3,SHS
-0.08454035496351073,3.525585713100544,0.18277795759450277,1,577701d3d24a554e38b47d391b1c418e,1,3,SHS
0.7158353230490436,3.525585713100544,0.7685622176644409,1,577c0e677251c5891fe5ea9764503e63,1,1,MS
-0.22257828477947342,3.525585713100544,0.4855428560576168,1,5872806a5616a6f8c60d50f4f692f7f6,1,3,SHS
1.095500708772948,3.525585713100544,1.0844908073650816,1,598e424c16110469fe1ca7e9269125a6,1,1,MS
-0.0422738737986231,3.525585713100544,0.39339701739492994,1,59993ce71f47d61ef6fa01687e8c48e8,1,3,SHS
0.4782797824749064,7.320954125699514,-0.10024140401232123,3,5a8b3e70cb6bfdbc353bcb5ae2b4d4eb,2,3,SHS
-0.07501207308240888,3.525585713100544,1.0252541967962114,1,5aed239a8964c9d4307c5f47c0d81132,1,3,SHS
1.5499264600254974,3.525585713100544,-0.15289616896242803,1,5af688e5163184c0d53d53ad44bbf285,2,1,MS
3.579450500700189,3.525585713100544,0.5513613122452503,1,5b5aabbf6b9bbac09d76cd3b2f186584,1,0,HS
0.6985704020337139,5.423269919400029,-0.5412250604694656,1,5ba3002b920d588cc7e1e1a796713e0b,2,1,MS
0.3876389471444248,5.423269919400029,0.34074225244482315,1,5bbefc8139328a291147ac389f226052,1,3,SHS
3.5087620505053483,3.525585713100544,-0.679443818463496,1,5c351d3b7eb465775ce1405dbe49cb23,2,0,HS
0.9709000995585392,3.525585713100544,-0.30427861819398505,1,5c5200c0eb84b803bcf8e01f3a71cc1e,2,1,MS
1.1829654501430624,9.218638331999001,-0.6070435166570991,3,5c9c326c6ba02d6301cb8c68292316f0,2,1,MS
-0.5142902992932065,3.525585713100544,-0.6662801272259693,1,5c9da7c46add2a59a17f6b8d5c795afe,2,3,SHS
5.166031591363659,3.525585713100544,0.2683419506384263,1,5d6ba9a28eb4cd87b8c65cc995850296,1,2,LS
1.385013889006427,3.525585713100544,-0.4293336849504887,1,5d6c8ab30ef2d0469ae465f4fc0df0e7,2,1,MS
0.7131478589287332,3.525585713100544,0.19594164883202947,1,5f09aa87610a98957168855e0b781b09,1,1,MS
0.9033877433240652,7.320954125699514,-0.5807161341820457,3,603e5fb8eb576575546d8880846aaac6,2,1,MS
6.3784851011572,7.320954125699514,0.8672899019458911,3,6058d310d497d1af90c0f2058955efdc,1,2,LS
4.768694093091045,5.423269919400029,0.8409625194708377,1,610c70a5e997a8222166a556a089d2c6,1,2,LS
0.6855402729655405,7.320954125699514,0.8212169826145477,3,61260c512475ab1d7519b332199e8c1d,1,1,MS
1.8499451818201909,3.525585713100544,-0.08707771277479454,1,61796c6f77ebcb1897edf4a87ad5fa2a,2,1,MS
0.5347979673081087,7.320954125699514,-0.0015137197308709945,3,61a81040aee00781a11ef32ebf346f1a,2,3,SHS
1.9823638684755036,9.218638331999001,-0.3371878462878018,3,620b70aca29bc1d6c4189c3f33a8667e,2,0,HS
2.2401975474119857,5.423269919400029,0.4657973192013268,1,6364e749f40ba21258f2ba31934d0593,1,0,HS
0.6892864350726404,5.423269919400029,0.998926814321158,1,63c3f9b7518ce37a22cc22651ff532ce,1,1,MS
1.1929009235575443,7.320954125699514,-0.21871462515006151,3,6401d6c168371c1fc964bd3c3077b6cd,2,1,MS
0.8658446839463909,3.525585713100544,0.7159074527143341,1,641cbccce28ca2f8b8482667f1dff4f4,1,1,MS
-0.5494716477772749,3.525585713100544,-0.6596982816072059,1,6449320114e2ba8f64ab1c0481b0a60b,2,3,SHS
1.087682631332044,3.525585713100544,-0.22529647076882486,1,64bce8bd37d9f4b8a8d92264a086ba03,2,1,MS
0.797599382951832,11.116322538298485,-0.6333708991321525,3,64ece241ae357ffb4989f7970a6f6adf,2,1,MS
-0.5511818522174727,3.525585713100544,-0.21213277953129817,1,65309c5241d286f148b3ebf5f81a3e1c,2,3,SHS
0.8719525569470967,3.525585713100544,-0.4819884499005955,1,655ce1567249ffb30f857843a966a3d6,2,1,MS
0.19177981958844245,3.525585713100544,0.5184520841514336,1,668602ff7a4ac16b00c73785fda2025d,1,3,SHS
1.2808542947677153,5.423269919400029,0.3341604068260598,1,6721a9af688cfa69d376ccb13bbe9ae7,1,1,MS
-0.2675322300646717,3.525585713100544,-0.4030063024754353,1,68401f5c05de1fc6006bf56f4bd3b5a6,2,3,SHS
0.1551325815842046,3.525585713100544,0.9528538949898147,1,684e1aa246a9eadc3e6827685b10e48e,1,3,SHS
-0.07688515413595885,5.423269919400029,-0.0015137197308709945,1,68de3e57ae340fc9a1c7cdcd6bc69d2d,2,3,SHS
0.9550196297567031,3.525585713100544,-0.5214795236131756,1,6a6d5c560d1072a67be9ee533125d9ed,2,1,MS
0.027355878409428665,5.423269919400029,0.14328688388192268,1,6a7add565bee8d10537837268f674a76,1,3,SHS
1.810610479695642,3.525585713100544,0.38023332615740324,1,6a9314555839080b4a67cab05e532105,1,1,MS
0.022958209848920188,3.525585713100544,0.03139550836294575,1,6b4a545e81c747a0f12ec50d9f725d63,2,3,SHS
-0.03478154958442347,3.525585713100544,-0.06075033029974114,1,6c4f1f1c4c39dc8ccd561f4f0c2135b3,2,3,SHS
0.39643428426544197,5.423269919400029,-0.7255167377948394,1,6c95355bb9260a9b0abbe3e226bd7a16,2,3,SHS
1.660763995411648,7.320954125699514,-0.38326076561914524,3,6cd71f974e1d81ec38b53156b34621ad,2,1,MS
2.2591726728675137,3.525585713100544,-0.5741342885632824,1,6d5173a8779c07d167c7479fd036717b,2,0,HS
0.2477279362749125,3.525585713100544,-0.40958814809419863,1,6e65c443e6d67127d9b1f0d14be75617,2,3,SHS
-0.18755981290875706,5.423269919400029,1.0055086599399214,1,6e9fcf097dd6735e0b0462052b83e936,1,3,SHS
-0.06084180772077029,3.525585713100544,0.8936172844209445,1,708c68b6742f97b62d44b4f33b262190,1,3,SHS
2.2610457539210636,5.423269919400029,0.2683419506384263,1,70c7804a7d4f3611fa109b8034298c10,1,0,HS
-0.6159253060249595,3.525585713100544,-0.2450420076251149,1,725e7b5a0197563bb2bcde21bb2366ee,2,3,SHS
0.10993432137897784,3.525585713100544,0.34074225244482315,1,72f7c6ae75d7bb4765dc06b93e1dfd4b,1,3,SHS
-0.33129842419204564,3.525585713100544,0.20252349445079282,1,73a3f9242c638f8dbc3efdbbc5339f97,1,3,SHS
-0.21231705813828666,7.320954125699514,0.3209967155885331,3,73c96542370e29c3df46ca13fd868b31,1,3,SHS
0.04714538693171715,3.525585713100544,0.564525003482777,1,73e1d8182bdefebf6613a9b73abb0505,1,3,SHS
1.1358941088842855,5.423269919400029,-0.31744230943151175,1,744cb93cf2ab57936f8dd243617516e8,2,1,MS
1.6334007243684832,3.525585713100544,-0.5872979798008091,1,7494ae1e55023e9aec5848c8021096ad,2,1,MS
1.039471153779802,5.423269919400029,0.4657973192013268,1,753bd08248a5fa2c21da47c01cfd83a3,1,1,MS
-0.273640103065378,3.525585713100544,-0.6596982816072059,1,760e2f7a591535e202953fe18688b31f,2,3,SHS
2.8022847400903186,3.525585713100544,-0.26478754448140496,1,76306af3efc88f9d066b361e6597ec0a,2,0,HS
0.735380516651304,3.525585713100544,0.4526336279638001,1,76ff993eda8abab1781028a0ac19ed0a,1,1,MS
1.6972483568025332,3.525585713100544,0.8541262107083644,1,777db3a2a4f052af7bbaafbc2c31e35e,1,1,MS
1.4000799757415023,3.525585713100544,0.2946693331134797,1,77d824a1031f69a3901ccb843e32d7fe,1,1,MS
0.34667547888635447,3.525585713100544,-0.2318783163875882,1,7974eb74e94d3f3e1031f74d1b97ea5e,2,3,SHS
1.5198757248620218,7.320954125699514,0.005068125887892355,3,7a0f062f324124b39f475b05b9c77177,2,1,MS
0.8577822915854583,7.320954125699514,0.28808748749471635,3,7b27139522c36a37118d6eb8402f1d85,1,1,MS
0.17003579170592834,9.218638331999001,0.5908523859578304,3,7bfd349ddcab469ad888395434783f62,1,3,SHS
0.04836696153185846,3.525585713100544,-0.3371878462878018,1,7c06711473bf4fef27ea11d9f5719158,2,3,SHS
1.8873253645845134,3.525585713100544,-0.17922355143748142,1,7c0f72144805b7fb9c1e32d1f560a761,2,1,MS
0.09975453304446755,3.525585713100544,-0.04758663906221444,1,7c46692bd4a1975007f0f01b73bf3169,2,3,SHS
-0.547598566723725,5.423269919400029,0.31441486996976975,1,7cb0f023081168c64df95ea05a7faf13,1,3,SHS
2.900987967781732,22.502427776095395,-0.5872979798008091,3,7d321bd4e8ba1caf74c4c1aabd9ae524,2,0,HS
0.9420709389952052,7.320954125699514,0.35390594368234984,3,7d9b1c193c6ede14cd426b570a339739,1,1,MS
0.8557463339185564,3.525585713100544,-0.19896908829377147,1,7dc0e5a1cd93b2037b5705566f784f8c,2,1,MS
2.169346220603793,7.320954125699514,1.0976544986026082,3,7df9914b5cd074d81dcb343a7107765b,1,0,HS
0.8907648057892726,9.218638331999001,-0.2976967725752217,3,7e1485fc18aebbfb8dc5ec5008db0066,2,1,MS
0.262794023009988,3.525585713100544,0.5381976210077236,1,8029c993d1227eb7f924230c8676ee07,1,3,SHS
0.37819210356999905,5.423269919400029,-0.4424973761880154,1,809f3ba735c909c42837c26580289641,2,3,SHS
0.7131478589287332,3.525585713100544,0.26176010501966296,1,8133147c1bfe4c00340064eaa286d0b7,1,1,MS
-0.18324358265492482,3.525585713100544,0.544779466626487,1,819f6a9b1a8255e13c1ce6085eb24f1f,1,3,SHS
1.7248559427657257,5.423269919400029,-0.021259256587161043,1,823c81b03ff5876452eded3ea6d9ac44,2,1,MS
-0.16760742777311666,3.525585713100544,-0.5741342885632824,1,82699946fac8fbaec3cc3c36ad0312fa,2,3,SHS
0.8984200066168243,5.423269919400029,0.005068125887892355,1,82c237db796f9f22d3e8099e46c50c7c,2,1,MS
-0.1277840958085114,3.525585713100544,0.2420145681633729,1,837bffa34c99bc9aed29abf1b5bdd886,1,3,SHS
0.4544183586188139,3.525585713100544,0.32757856120729645,1,8531319b5937edd1b7518b1a5727361b,1,3,SHS
1.1523446468328544,3.525585713100544,-0.44907922180677873,1,8759651d4fb2b9d5535aa90adf058d93,2,1,MS
0.2731366879578505,3.525585713100544,-0.3898426112379086,1,876f9a6c202666e676262ce4e5225dd1,2,3,SHS
-0.5101369456527263,5.423269919400029,-0.23846016200635156,1,882556e077ee7b4cc3a1f6cc77e65c7d,2,3,SHS
2.5618788587825176,9.218638331999001,0.03139550836294575,3,887c7d62748394a839bccbedc3175ace,2,0,HS
0.5438376193491542,3.525585713100544,-0.284533081337695,1,889b986c4e5762ec5892d2458167cce0,2,3,SHS
1.0535599808347649,3.525585713100544,0.05772289083799915,1,88be8e039439308b5ec70c4994293485,2,1,MS
1.2965718879561996,3.525585713100544,-0.21213277953129817,1,89801e85c58d05a4a03c4c64f60cee07,2,1,MS
0.735380516651304,3.525585713100544,0.676416379001754,1,8a337d8b00d61bb535a26fe68db50a11,1,1,MS
3.899014416097143,3.525585713100544,-0.10024140401232123,1,8a385c960f811c8dc9dec7b70211c4cc,2,2,LS
1.5254949680226721,9.218638331999001,-0.13315063210613798,3,8a9a638f63cca68b06e5787535092bc4,2,1,MS
1.2763751879005305,7.320954125699514,-0.7057712009385494,3,8b957e5233d9a21115cd1edb4c3eff0a,2,1,MS
5.425656913047016,3.525585713100544,0.005068125887892355,1,8bad98b4cfc0bec348b202ea08123680,2,2,LS
0.45075363481839,3.525585713100544,0.005068125887892355,1,8c0808d8499f18490444a09b7c54e9b5,2,3,SHS
0.09087775761677436,3.525585713100544,-0.3108604638127484,1,8c382656b44e6d6375d2fea25375fb02,2,3,SHS
1.4001614140481784,3.525585713100544,0.0643047364567625,1,8d1a470daff90baa6e47ec71e31f140a,2,1,MS
1.891723033145022,3.525585713100544,-0.20555093391253482,1,8f1de240be482620d362ae4f2c6998e2,2,1,MS
-0.5238185811743084,5.423269919400029,0.5842705403390671,1,8f29ceb9da71dd3cfe7055c0c1fb7e7d,1,3,SHS
-0.16736311285308828,3.525585713100544,-0.6596982816072059,1,8ff313e25b25345f237b434e0e497869,2,3,SHS
0.1328999238616337,3.525585713100544,-0.19896908829377147,1,90970f7867ea91fe016dcb27b46f6261,2,3,SHS
0.0850141995360963,3.525585713100544,0.6171797684328838,1,9099f0a5364ef7f0e1504822df341f64,1,3,SHS
6.320663903417181,3.525585713100544,-0.5346432148507023,1,921fdc244d0ab2156a464cb5035518b5,2,2,LS
2.5626118035426027,3.525585713100544,0.8343806738520744,1,92b0ce6b186446ff52ae03a32562ef3b,1,0,HS
-0.17689139473419013,3.525585713100544,-0.27795123571893166,1,92d10040d479c14fdb924ce85bb788c5,2,3,SHS
-0.46347279592733004,3.525585713100544,-0.30427861819398505,1,934539e22ab6ba86337bce9541fa822d,2,3,SHS
1.5304627047299129,3.525585713100544,-0.3371878462878018,1,9361bfedd3cac453b63251a79df9928a,2,1,MS
2.664083933661004,3.525585713100544,-0.679443818463496,1,93fe4181025d602ded002ff3a0c7d529,2,0,HS
1.2751536133003896,5.423269919400029,0.32757856120729645,1,941dd76598eae1249d47b6036a19b3c6,1,1,MS
1.1896433912905011,7.320954125699514,-0.6333708991321525,3,94db7d7a01dbee71adc9c7e27ed822d7,2,1,MS
5.676894089142735,9.218638331999001,-0.6136253622758625,3,94dd8366ec790734b50b0d346e5a1cb6,2,2,LS
3.8118754279537326,3.525585713100544,-0.07391402153726784,1,956cc3292d13bea359eaf6683f410bf6,2,2,LS
2.3258706460352263,3.525585713100544,-0.2582056988626416,1,95e37e43c03cc2031a994c5a554991e7,2,0,HS
0.6497074180280638,7.320954125699514,0.04455919960047245,3,9707082565c37cdde7b05277988eb7e8,2,1,MS
0.6139560013972627,3.525585713100544,-0.3766789200003819,1,970c6b00ac5ff5a99bf267a6ff1b80bb,2,1,MS
1.0903700954523547,3.525585713100544,0.2485964137821363,1,97f0b42943a89b0d5af2e2924481a1b4,1,1,MS
-0.39091126467893916,9.218638331999001,0.49212470167638017,3,97f6f6eb7e2173cf88b0dd5b78b80070,1,3,SHS
-0.1873154979887289,5.423269919400029,1.0055086599399214,1,9995cc856683665967a71bbfe006e939,1,3,SHS
-0.27754914178582996,3.525585713100544,1.0515815792712648,1,9aba3f44aa5e37e14cb9a0a4ec14a1d9,1,3,SHS
-0.01588786243557201,3.525585713100544,-0.26478754448140496,1,9b04f358b1024f10a9489dff2cb26314,2,3,SHS
1.97307990151443,9.218638331999001,-0.2976967725752217,3,9c2429c51db5ad82c78f48935d39dafe,2,0,HS
1.2997479819165667,9.218638331999001,-0.6004616710383358,3,9c8e51447d07719ca9d78cbaad9fea43,2,1,MS
2.6124520472283663,3.525585713100544,-0.06733217591850449,1,9cd9ab13e36c85a8c647285faa325e8a,2,0,HS
0.39488695643859617,3.525585713100544,-0.7255167377948394,1,9cfee1a78f5e0820ca53ea2eb4180794,2,3,SHS
0.0050417823801817765,3.525585713100544,0.281505641875953,1,9d571c9e16be4b04343afa2d84d94352,1,3,SHS
-0.7075434010355541,3.525585713100544,-0.30427861819398505,1,9d58f19e8d5d306f2d15eb225c3adeb5,2,3,SHS
0.015628762248072803,3.525585713100544,-0.43591553056925203,1,9d6125d1be1aede626436f1fda0dee42,2,3,SHS
0.4518937711118553,3.525585713100544,0.26176010501966296,1,9dada6035f2fa20b18915fdc4067a378,1,3,SHS
4.399371372315004,3.525585713100544,-0.43591553056925203,1,9de9dcccd336d99f63eb24c980e60c78,2,2,LS
3.261596789743433,3.525585713100544,-0.19896908829377147,1,9e24614d3c9138935bdd12b9b0504a7a,2,0,HS
0.8532217464115978,3.525585713100544,0.9331083581335246,1,9ebf9dcbefe59ec090b872231b9c9c4e,1,1,MS
0.37574895436971645,3.525585713100544,0.7422348351893875,1,9fe7ac7180ac1ee5482b89b07f7b7737,1,3,SHS
0.29317051140016703,3.525585713100544,0.43288809110751003,1,9fedb83ecf4fd35c0ce7e83d25035e10,1,3,SHS
0.3881275769844813,3.525585713100544,-0.08707771277479454,1,a06cecaf0e4ef892030e9938afddebbf,2,3,SHS
-0.08511042311024339,3.525585713100544,-0.08707771277479454,1,a20f368d4aa1abfd95ddf1619a7ad1e4,2,3,SHS
0.12646629763422315,3.525585713100544,0.5711068491015404,1,a2be07c22a9d2071f65b6770e47f540b,1,3,SHS
4.051792679421477,3.525585713100544,0.2420145681633729,1,a31f9bc462063fa6918a81775c76ce7e,1,2,LS
0.7314714779308517,9.218638331999001,0.005068125887892355,3,a321e7ff150748b73bb114a7af786911,2,1,MS
0.2550573838757599,3.525585713100544,-0.26478754448140496,1,a53ec76853cbe552fcbf1e1745b37c7b,2,3,SHS
2.5491744829410488,3.525585713100544,1.0318360424149748,1,a56444c78835591125f106e5e0e9f15f,1,0,HS
1.9216108916951447,5.423269919400029,-0.5543887517069923,1,a648c69b66f223371753d5bf0fbfa4ad,2,1,MS
3.2498696735820762,24.400111982394883,-0.2582056988626416,3,a7693fba2ff9583c78751f2b66ecab9d,2,0,HS
1.5030179953800724,9.218638331999001,0.0643047364567625,3,a7acf0a4c0a4d6ea3d93b47a489219c6,2,1,MS
4.868700333689277,11.116322538298485,0.3209967155885331,3,a828c4f615a8dd8518659d867b3012bd,1,2,LS
1.8570303145010103,3.525585713100544,-0.04100479344345109,1,a92da5f6ab925f1b45c83cef38a87fe0,2,1,MS
0.015628762248072803,3.525585713100544,-0.49515214113812217,1,a953c3ef4e1493223bb32a525fe2a43d,2,3,SHS
0.3847886064107619,3.525585713100544,-0.5741342885632824,1,a98f8beee9d9dd8974996ce5f5f40635,2,3,SHS
1.9115939799739865,5.423269919400029,0.30125117873224305,1,aae6057b8281efa34faf1d9cd3f7cbc7,1,1,MS
-0.03934209475828419,3.525585713100544,1.0318360424149748,1,abfa71d0fae78b8b69d691f25ca66c9e,1,3,SHS
1.670129400679397,3.525585713100544,-0.5346432148507023,1,acb3477acf26f7afd9714d9470c23552,2,1,MS
1.3344407005605785,3.525585713100544,0.6698345333829906,1,acc3f0f89efb1b19c4b68089b09c0ada,1,1,MS
-0.06084180772077029,3.525585713100544,0.9067809756584712,1,ad1e6b608a4dca0dd25bf862939cf3aa,1,3,SHS
2.730048962068632,7.320954125699514,-0.6202072078946258,3,ad5b13bf0d52d34619b22b66ef348361,2,0,HS
3.2135481888045425,13.014006744597971,-0.11340509524984793,3,aeb3d464f6b83eecd79d6fd58d6208fb,2,0,HS
0.4123961923739543,5.423269919400029,-0.014677410968397694,1,aefbb53f830b4a469c2743cc12764c54,2,3,SHS
0.014895817487988018,3.525585713100544,0.20252349445079282,1,af5033805554e79d20c8a977e40c2151,1,3,SHS
1.3442132973617085,3.525585713100544,-0.04100479344345109,1,af51a4f719cdf5b830e233f353dcf69c,2,1,MS
0.1146577431661908,7.320954125699514,-0.13315063210613798,3,b0103288d3ba083d3c76003e1c164b86,2,3,SHS
4.422092659877632,5.423269919400029,0.6566708421454639,1,b193c9dd2e7eedcc74ebb140416b32a6,1,2,LS
-0.3203042527907741,3.525585713100544,-0.4030063024754353,1,b1cab246c245455519a3cd45d8d5b3da,2,3,SHS
-0.26533339578441756,3.525585713100544,0.16961426635697607,1,b29169462571611d1417abbb0c788dca,1,3,SHS
0.3729800519427298,5.423269919400029,-0.5214795236131756,1,b3fc16d081f666c06b424c822c7a0457,2,3,SHS
4.832215972298391,5.423269919400029,1.1042363442213716,1,b44a5b9979f7323c0db890a4f33020c3,1,2,LS
1.7206211508185694,5.423269919400029,0.36706963491987654,1,b477202dca6a3ad89828fdd5748dc849,1,1,MS
-0.045612844372342524,5.423269919400029,0.36706963491987654,1,b4afeb58ac51bc903c5362286c6a5cfe,1,3,SHS
0.17133880461274542,5.423269919400029,-0.2713693901001683,1,b51db50e74624ee11ec905f6c8cb92c2,2,3,SHS
2.132047476146146,5.423269919400029,0.20910534006955617,1,b58ca9769b50b9d05020b15fcd34447f,1,0,HS
0.20195960792295295,5.423269919400029,-0.4424973761880154,1,b64829ad9cd22c94718e7000539cd318,2,3,SHS
0.49196141799648857,3.525585713100544,-0.5280613692319389,1,b6ac8070e88a2e3a2e9550bb08aad925,2,3,SHS
0.907785411884574,9.218638331999001,0.5711068491015404,3,b751fcae2274aac027b38ae2b7e8b009,1,1,MS
2.0440941049359758,5.423269919400029,0.5776886947203037,1,b75c55b5ed02d1023d89f72242c24fb9,1,0,HS
1.1378486282445115,5.423269919400029,-0.6202072078946258,1,b7dd7189f7d7dcd2556ad47bc91bd5d2,2,1,MS
3.3752846658632465,5.423269919400029,0.8541262107083644,1,b806115ed21f16a50c4f3a28947aeadb,1,0,HS
4.130380645363899,7.320954125699514,0.43288809110751003,3,b854c2a4e09bb1ebeacc74b225f4ec0e,1,2,LS
0.25554601371581664,3.525585713100544,-0.6136253622758625,1,b88afe0826aaebcba526212089e2244e,2,3,SHS
0.09055200439007008,3.525585713100544,0.3604877893011132,1,b89f8b2159cc4f80617c22f0b0ee17e3,1,3,SHS
1.045171835247128,3.525585713100544,1.0252541967962114,1,ba53e87622e90e0a905d871c0c8d53af,1,1,MS
0.9171508171523239,3.525585713100544,0.3736514805386399,1,ba5a299fef88320dbdadd124f5333bc6,1,1,MS
3.3128214846426896,5.423269919400029,-0.4688247586630688,1,baa22cca29768548ef9cea07cf105737,2,0,HS
0.25139266007533617,3.525585713100544,-0.6662801272259693,1,bacc1ee57dbab94891c502caa0ee3af3,2,3,SHS
3.5337636106549057,5.423269919400029,-0.021259256587161043,1,bb57526f1e8fe74f92c4c7e4ced09303,2,0,HS
2.92786260898484,3.525585713100544,-0.284533081337695,1,bb6a81fae449a2e3e9e681597076c571,2,0,HS
0.735380516651304,3.525585713100544,0.9923449687023947,1,bb875551873fce53a11ae027c51311ec,1,1,MS
-0.033722851597634294,3.525585713100544,-0.4293336849504887,1,bb8835803af8ffd7ee6dcc55ea6fcc3e,2,3,SHS
0.729679835183978,5.423269919400029,-0.6531164359884426,1,bd0894dfa25e1220154c2424f2fa8745,2,1,MS
0.5164743483059898,3.525585713100544,0.3868151717761666,1,bda4f1d82579eb637bb31b4283a673e4,1,3,SHS
2.267235065228446,5.423269919400029,0.2485964137821363,1,bdaeccdb6aca7bd9cfd7a53ea93b41cc,1,0,HS
1.4399847460127833,9.218638331999001,0.005068125887892355,3,bdced1e75dafe66bd70dc84af644bca7,2,1,MS
5.8979176534616276,18.707059363496427,0.5776886947203037,3,be1c4e52bb71e0c54b11a26b8e8d59f2,1,2,LS
0.06913372973426,3.525585713100544,0.31441486996976975,1,be6fd14065c4c866425ed5d68cd15730,1,3,SHS
1.2808542947677153,5.423269919400029,0.939690203752288,1,bf10128e5ecdd3a1ebfe697aa8084da0,1,1,MS
-0.18462803386841814,7.320954125699514,-0.04100479344345109,3,bf1642bd31cb9d9bf2c1902832a53bd2,2,3,SHS
-0.01401478138202193,5.423269919400029,0.6698345333829906,1,bf3e89026bdbffc8d7ad1b90aff8fed9,1,3,SHS
0.735380516651304,3.525585713100544,1.091072652983845,1,bf59771b1ab3559105d03691c8c99794,1,1,MS
0.306526393695045,5.423269919400029,-0.3108604638127484,1,bfd64aef91cadd13fb53d56829fe57ee,2,3,SHS
5.615978235749025,5.423269919400029,-0.15947801458119137,1,bfea4a98ad57e429a31dab20bfe4375f,2,2,LS
0.03256793003669817,3.525585713100544,0.5184520841514336,1,c037e55c28eaaaa458a447f6fb9ac8a7,1,3,SHS
1.0656942885295009,9.218638331999001,-0.6070435166570991,3,c10bf120819db436f6a28de06f8a309d,2,1,MS
-0.13486922848933075,3.525585713100544,0.3078330243510064,1,c1b2a792a8f36955b3dcb27c2485aabb,1,3,SHS
0.7932017143913237,5.423269919400029,-0.6399527447509159,1,c285f8977c6d1f18543c636b180797ad,2,1,MS
-0.4510127350058892,3.525585713100544,-0.44907922180677873,1,c30d0f9fb78aa64613ddc5c9823c001b,2,3,SHS
0.4097901665603197,3.525585713100544,-0.6070435166570991,1,c30def9299a42a45fc635a77f7aa8d10,2,3,SHS
0.2766385351449222,3.525585713100544,0.544779466626487,1,c336ffa7394e94710f4ebf37935825fb,1,3,SHS
4.70745248647063,9.218638331999001,-0.7189348921760761,3,c3539d3d4dfb2fe3b6de4bb8f277e989,2,2,LS
-0.01401478138202193,5.423269919400029,0.5842705403390671,1,c40245531b595157896dd2e43891b6a3,1,3,SHS
1.665976047038917,3.525585713100544,-0.02784110220592439,1,c433eba178357789342c520620927b0e,2,1,MS
6.392573928212163,5.423269919400029,0.5250339297701969,1,c4406d76fa8017368e37f9b5cf078cde,1,2,LS
0.7368464061714736,5.423269919400029,0.6303434596704105,1,c4bfb61a02fa753432f5e5cabc107e28,1,1,MS
0.30782940660186253,3.525585713100544,0.9725994318461046,1,c512d7bc9c2e0fcd3f3d38c15206b052,1,3,SHS
0.0850141995360963,9.218638331999001,0.2551782594008996,3,c57c441872c2609f61abbbf8148a1ca1,1,3,SHS
-0.4385526740844483,3.525585713100544,-0.5280613692319389,1,c5f89253313f856b87d324ca590172e7,2,3,SHS
0.45075363481839,3.525585713100544,0.05772289083799915,1,c7425219e008cdbfc8cd8c88379580e7,2,3,SHS
2.0222686387467848,5.423269919400029,-0.6596982816072059,1,c7b152edc91a8427411163780d6f27c4,2,0,HS
0.1695471618658718,3.525585713100544,0.44605178234503673,1,c83e383ad11fc7197adf9a062293f188,1,3,SHS
1.2841932653414345,3.525585713100544,-0.5872979798008091,1,c85dee4c2d489b0a3108b2b4484c5644,2,1,MS
1.5170253841283592,3.525585713100544,0.4855428560576168,1,c8e0061c1a363060a4820688fe6266d6,1,1,MS
0.5096335305451987,3.525585713100544,-0.008095565349634343,1,c9002a3702a1805640b4d7349ccb531a,2,3,SHS
3.7477834805996544,5.423269919400029,-0.6070435166570991,1,c98a7b0279f19defb3869b3ec67bd1a8,2,0,HS
1.2046280397189004,5.423269919400029,-0.13973247772490133,1,c9ed1372491fe078c373a4d099778146,2,1,MS
4.4787737213241865,3.525585713100544,-0.15947801458119137,1,ca8e595c4c2e4a55fa75a41d5bf08382,2,2,LS
-0.4704764903014733,7.320954125699514,-0.4754066042818321,3,cb2906897f54322ccb67f79029cb09d1,2,3,SHS
2.1033811921961645,5.423269919400029,-0.6728619728447326,1,cb7a6f9242f8a283bcd9c6047ae5c8a4,2,0,HS
0.015628762248072803,3.525585713100544,-0.4885702955193588,1,cb921c583eebff7f0faa42afc1c8e124,2,3,SHS
-0.47576998023541883,7.320954125699514,0.39339701739492994,3,cbbb04f3fe930aeed1e330ca80fd40db,1,3,SHS
0.23477924551341509,3.525585713100544,0.21568718568831952,1,cbcc7e46a2d1042aacb3064c3db6b351,1,3,SHS
-0.4153427566817644,3.525585713100544,1.0581634248900282,1,cc24d407f07daffa567db41bad83a529,1,3,SHS
3.4543612616457238,7.320954125699514,0.8343806738520744,3,cccbf26e7e7e5fa2fb575a7bc98f1638,1,0,HS
0.10586240604517386,5.423269919400029,1.0779089617463182,1,cd2149be09a8d515d7b129d8dbac2fc2,1,3,SHS
0.0578952434129602,3.525585713100544,0.5776886947203037,1,cd25b85f3cf1debb4376bafc231f8137,1,3,SHS
-0.28072523574619734,3.525585713100544,0.3209967155885331,1,cdca899d14be512725f07274e28cb584,1,3,SHS
0.3342154179649136,5.423269919400029,0.281505641875953,1,ce6c5a902bad9cb9b8675a9fccacff09,1,3,SHS
-0.051557840759696584,3.525585713100544,0.3868151717761666,1,ce6ccd40c94d231ac012f6488f144380,1,3,SHS
2.578980903184496,9.218638331999001,-0.29111492695645835,3,d1e0cbdd01f00d151ff8e890d9a8f612,2,0,HS
0.23795533947378225,3.525585713100544,0.8541262107083644,1,d1f9d2df3fbb4c8c0e4163da8d138de5,1,3,SHS
0.4889482006494734,5.423269919400029,-0.4293336849504887,1,d22898ccc66640313fef6774eb39f4e2,2,3,SHS
1.9540233377522263,9.218638331999001,-0.6531164359884426,3,d2cb62917a62d79c9eaa46bdd9d374a5,2,0,HS
0.30359461465470605,5.423269919400029,0.35390594368234984,1,d316653e26343ebd09a65316574afd7b,1,3,SHS
1.713617456444426,3.525585713100544,-0.6267890535133892,1,d345248d0461cfb967ec4c9b02feb77d,2,1,MS
0.619086614717856,9.218638331999001,-0.6333708991321525,3,d3588db32cf2e767d97e157a9b9a753b,2,1,MS
2.6634324272075953,9.218638331999001,-0.6926075097010227,3,d3ecf0664acdf35f6e78389ed3e223f0,2,0,HS
0.8436120262238197,3.525585713100544,-0.06075033029974114,1,d4b14205ecda3b864430a215e488d3b6,2,1,MS
2.161772458082917,7.320954125699514,-0.6399527447509159,3,d4e2dcbab1ad66726199ef6c1651ad6c,2,0,HS
0.5198133188797095,7.320954125699514,-0.4754066042818321,3,d5504bb8d69de23d8c49bd96e55e51ec,2,3,SHS
0.3309578856978702,5.423269919400029,0.6369253052891739,1,d60f3e2bf072f0eae0190aafa58b1314,1,3,SHS
-0.42658124300306394,9.218638331999001,-0.567552442944519,3,d62b098e61643a06d5f8fd6ebcabdf82,2,3,SHS
5.33843648659693,16.809375157196943,-0.4819884499005955,3,d6646ea91d8cd9fc7e6882a7068779d4,2,2,LS
0.9762750277991609,3.525585713100544,0.18277795759450277,1,d690d2607d75af662854e115e5aaca9c,1,1,MS
0.6449839962408508,3.525585713100544,0.7422348351893875,1,d69707d828e613d5e042ac0de8ae64bb,1,1,MS
0.13387718354174677,9.218638331999001,-0.4754066042818321,3,d7ee3bfb60f039d94e21001ab6a9a7af,2,3,SHS
-0.31883836327060466,3.525585713100544,-0.3635152287628552,1,d84e80f1f71dab90d84eb7f7d8a81a3a,2,3,SHS
2.9315273327852633,3.525585713100544,1.0713271161275548,1,d94dd892998e1f07d4a84e9475d6c05e,1,0,HS
-0.07476775816238061,3.525585713100544,0.32757856120729645,1,d9709eaebf11e70a175f179d55b42bae,1,3,SHS
-0.1585677757320712,3.525585713100544,0.9133628212772346,1,dc169cbfe622bb5514404bba1f6fa004,1,3,SHS
0.23950266730062783,5.423269919400029,0.17619611197573942,1,dc69181d72e06422c621c907e5f9a384,1,3,SHS
0.9769265342525693,3.525585713100544,-0.4688247586630688,1,de3fa59dd658cd8b47a1634125047c01,2,1,MS
-0.5256102239211822,3.525585713100544,-0.5938798254195724,1,de5821ba1a05973d20492903ecba0317,2,3,SHS
1.095500708772948,3.525585713100544,0.40656070863245664,1,de77cd3aeac67dfa9997f4a5cac54996,1,1,MS
-0.32234021045767636,3.525585713100544,-0.5083158323756489,1,df7b17258e06ca8120bc29b54ec38cb2,2,3,SHS
2.952049786067637,3.525585713100544,-0.3371878462878018,1,dfca6da6e209a7dd53a4d43036e8288a,2,0,HS
0.04624956555828035,5.423269919400029,0.5776886947203037,1,dff76d8f98864a042bde79ce48314dd9,1,3,SHS
0.46191068283301356,5.423269919400029,-0.4293336849504887,1,e0a3977e540c8d98f1dbd906c712ad33,2,3,SHS
-0.3913998945189957,3.525585713100544,-0.6136253622758625,1,e0f6b25565b4c3222dd8be157fdd62a6,2,3,SHS
0.33877596313877434,5.423269919400029,0.14986872950068603,1,e0fa01cb87bab8b36f60bd56c00181a1,1,3,SHS
-0.038934903224903686,3.525585713100544,-0.6531164359884426,1,e14b08a5e109d77846ce7d4cb8b12d6c,2,3,SHS
1.5108360728209769,5.423269919400029,-0.4293336849504887,1,e17dbbd9f659bf72e9d742658f9f3d6f,2,1,MS
1.452933436774281,3.525585713100544,-0.10682324963108458,1,e1d038b51aa770db7864175d006f4d0b,2,1,MS
0.6965344443668119,3.525585713100544,0.6632526877642273,1,e22dc4324abb82bacd88ff9173985e72,1,1,MS
5.6927745589445715,3.525585713100544,0.4789610104388535,1,e24770ef3ac259f30c13dc46a7963b47,1,2,LS
0.618353669957771,3.525585713100544,0.9462720493710512,1,e298df72f16d80dc506e0509f104925f,1,1,MS
-0.022240050356306468,3.525585713100544,0.32757856120729645,1,e38d1d16f382a3c99f6da45b79418463,1,3,SHS
0.18648632965449716,3.525585713100544,-0.4819884499005955,1,e3b51585362f32e3e0292d6dccb80882,2,3,SHS
4.32729847090667,3.525585713100544,1.110818189840135,1,e5864c2ed237c10842e95f1d8fe0cde6,1,2,LS
0.9768450959458932,5.423269919400029,0.3341604068260598,1,e5bce7b172f1147a069faf1b9ba56d96,1,1,MS
0.10846843185880849,3.525585713100544,0.281505641875953,1,e5db9d4fb808c1d1a656dec250ca61ac,1,3,SHS
1.7390262081273644,3.525585713100544,-0.16605986019995472,1,e661fdca5ba0b3e7dfd2aa9c3a081083,2,1,MS
2.0935271570883587,3.525585713100544,0.7027437614768074,1,e6ecc454173ea784b7b4e80c55c8f20d,1,0,HS
-0.2726628433852651,3.525585713100544,1.0844908073650816,1,e731ba7b6903d44433f7cc1161d2f1cb,1,3,SHS
-0.07664083921593058,3.525585713100544,0.11037765578810595,1,e793c8553a6ab762573c4236c49d3eed,1,3,SHS
2.292643816911384,3.525585713100544,0.28808748749471635,1,e89d9baac0b6b9fa7a520be393ff22d0,1,0,HS
-0.3635479936357749,3.525585713100544,0.27492379625718966,1,e8cada88df871b1ff0f51fcbd2a724ca,1,3,SHS
1.1313335637104247,5.423269919400029,-0.4688247586630688,1,e8efbea0bb2c1f6fa1f9974e53dcb370,2,1,MS
0.06913372973426,3.525585713100544,0.32757856120729645,1,e95ac603dd00da603acf38d05e55d781,1,3,SHS
-0.32901815160511527,5.423269919400029,1.091072652983845,1,e9837d053b096d1d743efcaaae03cb95,1,3,SHS
-0.29375536481437076,3.525585713100544,-0.19896908829377147,1,e9987c23dd2a5898f664c89329981d77,2,3,SHS
2.166821633096834,3.525585713100544,0.3473240980635865,1,eb2a5bfb253eddfafaf07ae743a90b05,1,0,HS
0.14902470858349828,3.525585713100544,-0.44907922180677873,1,ec170a8e4083fdeb7cc95a413b6a9e12,2,3,SHS
2.550233180927838,3.525585713100544,-0.15289616896242803,1,ece32f7a106669d2eae9af403290a97b,2,0,HS
1.0931389978793413,7.320954125699514,-0.5807161341820457,3,ed55323db262c574ffd5a532cfa08df4,2,1,MS
-0.6366920742273611,3.525585713100544,0.5118702385326702,1,ee55172c933983bf29aac9668a6b3271,1,3,SHS
0.10993432137897784,3.525585713100544,0.024813662744182403,1,ee7a0ffbe8af7beb6d296f08e75b34dd,2,3,SHS
2.7117253430665134,5.423269919400029,-0.547806906088229,1,eecafc3ff695f031bfe354a9fff9d437,2,0,HS
0.3241170679370791,5.423269919400029,0.2946693331134797,1,ef2dd497f0b364922173062f4c7a36b9,1,3,SHS
-0.17290091770706206,3.525585713100544,0.22885087692584621,1,ef75d5dbdc414838beb621629a99bad2,1,3,SHS
-0.03885346491822767,3.525585713100544,0.35390594368234984,1,efcb75d17dac5ed29c3a90167472f78d,1,3,SHS
0.43161563274951026,5.423269919400029,0.3209967155885331,1,efcedc1fbcd8066047fc017291654449,1,3,SHS
1.1641532013008868,3.525585713100544,0.8343806738520744,1,f014b7ec884cdfdeffab61baef33fbd4,1,1,MS
2.0160793274394027,3.525585713100544,-0.7255167377948394,1,f043fe51e8327ba739f878036fbe154c,2,0,HS
4.789460861293446,3.525585713100544,0.11037765578810595,1,f13d38f83b34037f745ec79cc915a8f1,1,2,LS
-0.528216249734817,3.525585713100544,-0.13315063210613798,1,f1ef63497675a0ec947e46f017aaa8b6,2,3,SHS
0.1712573663060694,3.525585713100544,0.8804535931834178,1,f221dd968c17b94730bd38fd6fdd37ea,1,3,SHS
-0.6195900298253831,3.525585713100544,-0.4556610674255421,1,f2507ea56d748a23037bb1214964e87d,2,3,SHS
1.5337202369969565,7.320954125699514,-0.5214795236131756,3,f3191db55e494d3b2261cde6f338cebc,2,1,MS
-0.4984098294913702,3.525585713100544,-0.2582056988626416,1,f357d1ab7a43c1fd63ed0d5e91e15cde,2,3,SHS
0.27802298635841555,3.525585713100544,0.8870354388021812,1,f35aff4ab7e91c2c5b2ae732007777fe,1,3,SHS
0.061315652293355866,3.525585713100544,0.1169595014068693,1,f381bd655bd0626bc05a777cfeab57fb,1,3,SHS
-0.5082638645991763,3.525585713100544,0.9331083581335246,1,f3ae118e5eb686a675b68f49b722cc79,1,3,SHS
5.605309817574457,14.911690950897455,0.3736514805386399,3,f4d64a735d1f90f13a057ca7f7b5ff87,1,2,LS
0.5110994200653682,3.525585713100544,0.9462720493710512,1,f647802ba4732b3a5730faf366ae6607,1,3,SHS
2.1033811921961645,7.320954125699514,0.5184520841514336,3,f648883563c14819f5e6419f89c6be9e,1,0,HS
1.1781605900491732,3.525585713100544,-0.014677410968397694,1,f6a6b6537e91cdb94efd469d48d78690,2,1,MS
0.7689330990018505,13.014006744597971,0.5711068491015404,3,f6af2b95b6be76fe88673d0a62a7db2f,1,1,MS
0.5112622966787205,3.525585713100544,0.5513613122452503,1,f7046a8b240746366664bc7462548824,1,3,SHS
4.116454694922287,3.525585713100544,0.9528538949898147,1,f71306b04e49155a6c1511e4b01b6b23,1,2,LS
0.07182119385457064,3.525585713100544,0.959435740608578,1,f764be6f129a2ab7f3f8c7d7b15893c8,1,3,SHS
1.8834163258640617,3.525585713100544,0.5316157753889603,1,f94b333a611276fe1f1f27cfd5767df9,1,1,MS
0.6673795305767737,3.525585713100544,0.11037765578810595,1,f991d29095eba5f61d63b568250724db,1,1,MS
2.0158350125193745,3.525585713100544,0.6829982246205173,1,f9ec9152a60625fb6c0a3ae2ff266940,1,0,HS
3.327887571377765,5.423269919400029,0.20252349445079282,1,f9f966080fcd27a49a13c4d29016a309,1,0,HS
0.5404172104687585,9.218638331999001,-0.021259256587161043,3,fac377fcf30218090635992d2467f12e,2,3,SHS
3.1652552729456254,3.525585713100544,-0.5083158323756489,1,fac60d7c4df3896a5af5db6c91e03797,2,0,HS
0.735380516651304,3.525585713100544,0.8804535931834178,1,fc3e9c3f1e4fce4c1c6e5aa729982c30,1,1,MS
0.40066907621259845,3.525585713100544,0.3999788630136933,1,fd3348decc9f430e0ac4fe8f6e295b2c,1,3,SHS
-0.0013104055405527921,5.423269919400029,-0.5938798254195724,1,fd925126e9d64daa5c4fe1b71eef2301,2,3,SHS
3.582382279740528,3.525585713100544,-0.2450420076251149,1,fde12dc0d32b4cd457919846c5b8e4b4,2,0,HS
